{"cameraMode":{"drawMode":0,"name":"Shaded","section":"Shading Mode"},"sceneLighting":false,"audioPlay":false,"sceneViewState":{"showFog":true,"showMaterialUpdate":false,"showSkybox":false,"showFlares":true,"showImageEffects":true,"showParticleSystems":true},"in2DMode":false,"pivot":{"x":-1.2814947366714478,"y":1.1469581127166749,"z":-3.552173614501953},"rotation":{"x":0.22699546813964845,"y":-0.6163491606712341,"z":0.19192875921726228,"w":0.729271650314331},"size":1.6437602043151856,"orthographic":false}