{"cameraMode":{"drawMode":0,"name":"Shaded","section":"Shading Mode"},"sceneLighting":false,"audioPlay":false,"sceneViewState":{"showFog":true,"showMaterialUpdate":false,"showSkybox":false,"showFlares":true,"showImageEffects":true,"showParticleSystems":true},"in2DMode":false,"pivot":{"x":14.390935897827149,"y":3.909273386001587,"z":0.8045737743377686},"rotation":{"x":0.25082626938819888,"y":0.045297812670469287,"z":-0.011724842712283135,"w":0.9669331312179565},"size":2.2048120498657228,"orthographic":false}