{"cameraMode":{"drawMode":0,"name":"Shaded","section":"Shading Mode"},"sceneLighting":false,"audioPlay":false,"sceneViewState":{"showFog":true,"showMaterialUpdate":false,"showSkybox":false,"showFlares":true,"showImageEffects":true,"showParticleSystems":true},"in2DMode":false,"pivot":{"x":-26.374099731445314,"y":1.024770736694336,"z":15.720571517944336},"rotation":{"x":-0.151266947388649,"y":0.5577137470245361,"z":-0.10435517132282257,"w":-0.8095207810401917},"size":8.317895889282227,"orthographic":false}