{"cameraMode":{"drawMode":0,"name":"Shaded","section":"Shading Mode"},"sceneLighting":true,"audioPlay":false,"sceneViewState":{"showFog":true,"showMaterialUpdate":false,"showSkybox":true,"showFlares":true,"showImageEffects":true,"showParticleSystems":true},"in2DMode":false,"pivot":{"x":-2.5395519733428957,"y":1.5348517894744874,"z":0.18588393926620484},"rotation":{"x":0.1829645335674286,"y":-0.3952210545539856,"z":0.08065725117921829,"w":0.8965689539909363},"size":1.870641827583313,"orthographic":false}